Rank,Name,Median_score,Cooperation_rating,Wins,Initial_C_rate,CC_rate,CD_rate,DC_rate,DD_rate,CC_to_C_rate,CD_to_C_rate,DC_to_C_rate,DD_to_C_rate
0,Evolved ANN 5 Noise 05,2.4972379032258067,0.4943695564516129,128.0,0.9503629032258064,0.39999052419354847,0.09437903225806457,0.19775705645161282,0.3078733870967741,0.8133558832022068,0.6318096653534945,0.43920513228086844,0.16428029716205753
1,"DBS: 0.75, 3, 4, 3, 5",2.4384173387096775,0.3995586693548387,135.0,0.9511693548387097,0.31735927419354826,0.08219939516129035,0.22137701612903216,0.37906431451612926,0.8350804551001726,0.49887178244575436,0.27798681178795115,0.22944649254237667
2,Second by RichardHufford,2.409163306451613,0.40886995967741935,133.0,0.9488709677419355,0.3072260080645161,0.10164395161290321,0.2239977822580645,0.36713225806451627,0.819198110894564,0.15228300145389786,0.6571876645881116,0.07931822714546637
3,Revised Downing,2.3882358870967746,0.3937086693548387,120.0,0.9503629032258064,0.26948145161290304,0.12422721774193546,0.24341995967741936,0.362871370967742,0.7080466679814501,0.4186414996991205,0.37985800020512855,0.2554490689114478
4,Evolved FSM 16 Noise 05,2.376502016129032,0.44421834677419353,112.0,0.9501209677419354,0.34148891129032266,0.10272943548387097,0.20003346774193534,0.355748185483871,0.8604395944300771,0.489559757012533,0.41196845515826547,0.0957637396293843
5,Evolved ANN,2.3737500000000002,0.4206752016129032,136.0,0.9511290322580646,0.3530090725806454,0.06766612903225806,0.18416874999999994,0.39515604838709667,0.8137133536688099,0.6189689425014339,0.2941694975163556,0.07005865864815557
6,First by Downing,2.3198286290322576,0.2930627016129032,151.0,0.04963709677419355,0.21594919354838724,0.07711350806451614,0.24168689516129033,0.4652504032258063,0.5042784050231433,0.3630104110231085,0.25911642885921127,0.11963381926926651
7,Second by Borufsen,2.3160282258064515,0.5492395161290322,116.0,0.9481451612903226,0.42367076612903204,0.12556875,0.14890564516129037,0.3018548387096775,0.9151141659343227,0.13189594249302725,0.6828289323008829,0.1447850516865624
8,Second by Mikkelson,2.3112298387096777,0.5646616935483871,94.0,0.9490322580645161,0.47473125000000005,0.08993044354838708,0.11280201612903228,0.3225362903225805,0.8953617631014779,0.6718953367738271,0.503940859742965,0.307321182289191
9,Second by Rowsam,2.308084677419355,0.4983641129032258,97.5,0.9519354838709677,0.4025768145161291,0.09578729838709683,0.14958790322580648,0.35204798387096753,0.7962055705497327,0.6422909120552445,0.45418458414113094,0.2604916104612594
10,Level Punisher,2.306703629032258,0.46921653225806453,124.0,0.9511693548387097,0.3951493951612902,0.07406713709677422,0.14721451612903222,0.3835689516129033,0.850193780094472,0.6406431181450342,0.3583484090187624,0.1314632290097945
11,Evolved FSM 6,2.3064314516129034,0.45060685483870966,104.0,0.9493548387096774,0.28356249999999994,0.1670443548387097,0.2260778225806452,0.32331532258064516,0.7377488793571809,0.2452621315087332,0.6096670433170551,0.21322735623768646
12,"Omega TFT: 3, 8",2.3009677419354837,0.39702237903225807,180.0,0.9514112903225806,0.3272786290322583,0.06974375000000003,0.17943125,0.4235463709677418,0.8441212444964209,0.11142587212823513,0.47768797362505505,0.05800833126384499
13,Second by White,2.2868346774193546,0.6798086693548387,19.0,0.9491935483870968,0.5366743951612903,0.14313427419354838,0.08899919354838708,0.23119213709677425,0.9497678943150238,0.6105202380521972,0.9496730915423293,0.3696521361275361
14,"DoubleCrosser: (D, D)",2.2833266129032257,0.3520147177419355,160.0,0.9486693548387096,0.27777157258064533,0.07424314516129037,0.200936693548387,0.4470485887096774,0.8274226692107235,0.5046190852007864,0.25766244472882205,0.058238433930055
15,Second by Cave,2.279274193548387,0.5330572580645161,111.0,0.9521774193548387,0.4252026209677421,0.1078546370967742,0.13410504032258064,0.33283770161290305,0.9122441358442638,0.3277469478684564,0.6096843341522786,0.1551595999635584
16,Second by Tranquilizer,2.2688911290322578,0.5852566532258064,68.0,0.9499596774193548,0.4405766129032258,0.14468004032258064,0.13345403225806443,0.28128931451612904,0.8628168418838058,0.4424912987740282,0.867620899722024,0.34898693223038213
17,PSO Gambler 2_2_2 Noise 05,2.2686290322580644,0.4524985887096774,118.0,0.9507661290322581,0.30543709677419356,0.14706149193548385,0.2008268145161291,0.34667459677419343,0.6286145080245952,0.4752327064840405,0.5916568690081839,0.27937986223477956
18,Second by Yamachi,2.2553326612903226,0.5912816532258065,77.0,0.9479032258064516,0.47624536290322594,0.11503629032258057,0.1045653225806451,0.30415302419354834,0.842519296263702,0.6309350737480567,0.5751239266086599,0.35091981530491817
19,"Stalker: (D,)",2.252701612903226,0.5983879032258065,64.0,0.9497177419354839,0.457276814516129,0.14111108870967737,0.11914274193548385,0.2824693548387098,0.9057257947682121,0.7141815446464725,0.4652267050544859,0.19077092773368698
20,Second by Kluepfel,2.2471774193548386,0.4896909274193548,114.0,0.9510887096774193,0.37466774193548363,0.11502318548387094,0.1533649193548387,0.3569441532258066,0.8809165319664182,0.3097205119707506,0.6742398188382476,0.1149449641235041
21,Second by Harrington,2.242348790322581,0.6470576612903226,90.0,0.9488709677419355,0.443564314516129,0.20349334677419348,0.13970786290322587,0.2132344758064516,0.919036367921192,0.29694369926760916,0.8756173327040945,0.28895628130183243
22,Doubler,2.240816532258064,0.6563290322580645,31.0,0.9530241935483871,0.5084415322580643,0.1478875,0.09330866935483872,0.2503622983870968,0.9501266112917075,0.5341086198259823,0.9504223807582267,0.21974712454403464
23,Spiteful Tit For Tat,2.2359778225806455,0.2349046370967742,217.0,0.9519354838709677,0.18246653225806456,0.0524381048387097,0.231273991935484,0.5338213709677417,0.7775494535997917,0.0504739108147893,0.23363293047620715,0.04976610290903763
24,"Grumpy: Nice, 10, -10",2.234868951612903,0.7233814516129032,40.0,0.9499596774193548,0.5498574596774195,0.17352399193548387,0.07682298387096764,0.19979556451612895,0.9140771695901398,0.879111463029712,0.6226501819973763,0.5432804395294114
25,Original Gradual,2.2343850806451613,0.4591540322580645,130.0,0.9507661290322581,0.32967560483870983,0.12947842741935484,0.17602358870967746,0.36482237903225784,0.9140646803061562,0.334448842545406,0.2752260927490971,0.1736494676405057
26,Second by GraaskampKatzen,2.2339415322580645,0.2937443548387097,215.0,0.9504435483870968,0.23688084677419355,0.056863508064516094,0.20428205645161282,0.5019735887096775,0.813720174186942,0.04960105780234422,0.3244408800823352,0.049568522542286955
27,"Memory Decay: 0.1, 0.03, -2, 1, Tit For Tat, 15",2.232389112903226,0.48346008064516127,124.0,0.9491935483870968,0.39692600806451617,0.08653407258064519,0.13088608870967736,0.3856538306451613,0.869681159978979,0.5399327347306979,0.4328268306463536,0.1442434256815357
28,Soft Go By Majority: 40,2.231451612903226,0.6327362903225806,65.0,0.9486290322580645,0.5051782258064518,0.127558064516129,0.08755745967741939,0.2797062499999999,0.9006448429341337,0.7456593050176963,0.5596792217459762,0.2855394501823757
29,VeryBad,2.2311088709677422,0.6560739919354839,64.5,0.9475,0.5180008064516128,0.13807318548387107,0.08326169354838706,0.260664314516129,0.8989394341772471,0.7675536614420779,0.595602853269448,0.31306312694842936
30,ShortMem,2.2301108870967745,0.5989306451612904,60.0,0.9513709677419355,0.483019758064516,0.11591088709677419,0.09451229838709677,0.3065570564516131,0.9292956576950442,0.5890499145692097,0.6491551177020486,0.26369987157135805
31,Soft Go By Majority: 20,2.2263407258064514,0.6204360887096774,68.0,0.9506048387096774,0.4992199596774192,0.12121612903225798,0.08738084677419351,0.29218306451612924,0.9023512436907971,0.7215805215679888,0.5529960874994864,0.271528270056517
32,"BackStabber: (D, D)",2.224798387096774,0.19678165322580646,203.0,0.9513709677419355,0.14845967741935487,0.04832197580645162,0.24421935483870963,0.558998991935484,0.7938018182712276,0.3438514208688789,0.10692587534650841,0.05236100081699034
33,Soft Go By Majority,2.223860887096774,0.6515032258064516,65.0,0.949758064516129,0.5103010080645161,0.1412022177419356,0.08537016129032257,0.26312661290322575,0.8991412908918179,0.765626261502712,0.5794039517692515,0.29499489994526323
34,Soft Go By Majority: 10,2.2223790322580648,0.6205316532258065,67.5,0.9517741935483871,0.5011586693548385,0.11937298387096784,0.08466673387096774,0.2948016129032259,0.9109309333360666,0.6992471706390989,0.5657074528418725,0.2746587404324238
35,"EugineNier: (D,)",2.2169657258064515,0.17741028225806452,216.0,0.951733870967742,0.13109233870967738,0.04631794354838708,0.2503816532258064,0.5722080645161292,0.782884504580696,0.04992801666687349,0.16170446684460948,0.04999260784851405
36,Second by Eatherley,2.2081754032258063,0.7502558467741935,22.0,0.9494758064516129,0.558772177419355,0.19148366935483868,0.0701163306451613,0.1796278225806451,0.9500458803779068,0.6142511541678964,0.9498427516689101,0.4949685971841364
37,Tit For 2 Tats,2.2047177419354838,0.7064826612903226,21.5,0.9485483870967742,0.543063306451613,0.16341935483870954,0.07050100806451604,0.2230163306451613,0.9502431684623128,0.6862342559878516,0.9505404485542421,0.2897804994967831
38,GTFT: 0.1,2.202227822580645,0.5905905241935484,82.0,0.9483467741935484,0.4242794354838709,0.1663110887096775,0.12938245967741932,0.28002701612903225,0.950228277380845,0.14061971851654703,0.9499780614899219,0.1405928590388745
39,Evolved FSM 4,2.199304435483871,0.5482389112903225,89.0,0.9503225806451613,0.2753834677419356,0.2728554435483871,0.23030645161290306,0.2214546370967741,0.7622969938277389,0.41318503033400095,0.1478625959329875,0.7028331002347328
40,GTFT: 0.3,2.196965725806452,0.6969346774193549,57.0,0.9526209677419355,0.49118427419354843,0.2057504032258064,0.10500766129032259,0.1980576612903226,0.950011063353162,0.3206806635357734,0.9494731758130402,0.3204449866537832
41,Evolved HMM 5,2.1967439516129033,0.36949677419354837,107.0,0.9514112903225806,0.20290645161290327,0.16659032258064516,0.2396449596774193,0.3908582661290322,0.8412397236056574,0.3840662690107974,0.13557968518946073,0.21524489206945743
42,Soft Go By Majority: 5,2.1959072580645165,0.5562592741935484,95.0,0.9503225806451613,0.4501280241935483,0.10613124999999997,0.10145625000000004,0.34228447580645166,0.9125805096034002,0.582971816942539,0.5254446641865479,0.17903156964891007
43,Contrite Tit For Tat,2.1946874999999997,0.5409229838709677,94.0,0.9500403225806452,0.40142278225806455,0.13950020161290325,0.13342701612903227,0.32564999999999994,0.9499892119542337,0.10681739632765902,0.9504161686438427,0.05100089519618422
44,Soft Joss: 0.9,2.194485887096774,0.5894133064516129,82.0,0.9516935483870967,0.42321270161290325,0.16620060483870971,0.12930080645161277,0.28128588709677416,0.9500356131397745,0.13962446513029736,0.9499826347717439,0.13930338161888317
45,"First by Stein and Rapoport: 0.05: (D, D)",2.1940524193548385,0.4459030241935484,157.0,0.9507661290322581,0.33596955645161297,0.10993346774193549,0.1581471774193549,0.3959497983870967,0.9154492270177992,0.07750383023051012,0.7387481227628014,0.05173191800607121
46,"ZD-GTFT-2: 0.25, 0.5",2.1936391129032256,0.640285685483871,74.0,0.9483467741935484,0.4475288306451611,0.19275685483870972,0.12335685483870971,0.2363574596774195,0.9499352625570253,0.16167134110410863,0.9504408740601457,0.2754493516827282
47,GTFT: 0.33,2.1936088709677417,0.7125366935483871,55.0,0.947983870967742,0.5008268145161289,0.21170987903225802,0.10123830645161297,0.18622500000000022,0.9499221962584838,0.34952936404629775,0.9506356288498857,0.3508971619502783
48,Second by WmAdams,2.193407258064516,0.5201967741935484,88.0,0.9528225806451613,0.3751399193548384,0.14505685483870967,0.14742419354838715,0.33237903225806475,0.9459898138029754,0.2240209644622447,0.7606229056539696,0.1771497588996833
49,Gradual,2.193366935483871,0.3271362903225806,167.0,0.9485887096774194,0.2461370967741935,0.08099919354838703,0.19519697580645162,0.477666733870968,0.884390575393543,0.2599716323713275,0.19808898921304177,0.10090695234825989
50,Forgiving Tit For Tat,2.1912701612903227,0.5489782258064516,83.0,0.9486290322580645,0.408801814516129,0.14017641129032263,0.1285346774193548,0.3224870967741935,0.9496425664480634,0.21645439263543578,0.9499873574929228,0.09898286626319941
51,Second by Black,2.1903125,0.7015391129032258,20.0,0.9474596774193549,0.5310370967741936,0.17050201612903224,0.07413729838709678,0.22432358870967747,0.9038203281640061,0.6836791442819764,0.7554307379072409,0.4492642587634719
52,CAPRI,2.1869959677419355,0.2757758064516129,139.0,0.9512096774193548,0.180629435483871,0.09514637096774192,0.2301556451612905,0.4940685483870966,0.874911508238078,0.24581953818843608,0.4548474785552664,0.04968576053494432
53,Once Bitten,2.182167338709678,0.4754302419354839,139.0,0.9512903225806452,0.3852935483870968,0.09013669354838717,0.12495241935483868,0.3996173387096773,0.908030191481195,0.547646898774372,0.3223454709924387,0.11958355216136458
54,Second by Tideman and Chieruzzi,2.179969758064516,0.49749899193548386,128.0,0.9490725806451613,0.36320987903225793,0.13428911290322582,0.14661310483870962,0.3558879032258067,0.8979654023686782,0.30429079243397844,0.6067917483475831,0.1719431718457669
55,Hard Tit For 2 Tats,2.178528225806452,0.6251475806451613,25.0,0.9491129032258064,0.4858860887096772,0.13926149193548393,0.0866090725806452,0.2882433467741936,0.9295165352845269,0.564953299902102,0.5077682935820278,0.35399894821189726
56,Hard Prober,2.17851814516129,0.33009576612903224,130.5,0.049233870967741934,0.20929999999999999,0.12079576612903235,0.21998749999999992,0.4499167338709678,0.8699288024370765,0.07551115379280778,0.661924334681794,0.06379688820854634
57,"Alexei: (D,)",2.1780040322580643,0.515089314516129,122.0,0.95,0.37393306451612907,0.14115625000000004,0.1424800403225807,0.3424306451612903,0.9464685047762289,0.0499760031007585,0.945748594474079,0.05087257388116089
58,Dynamic Two Tits For Tat,2.1744153225806455,0.6785758064516129,27.0,0.9489112903225806,0.5024756048387097,0.17610020161290335,0.08689677419354837,0.23452741935483865,0.8665993638096587,0.5877219069421211,0.6947718778011036,0.43710477576729384
59,Tit For Tat,2.174002016129032,0.5174116935483871,116.0,0.9506854838709677,0.3759094758064516,0.14150221774193553,0.1407721774193548,0.34181612903225805,0.9499591208448692,0.05004580289917687,0.9499284818041066,0.0502059610168207
60,Forgetful Fool Me Once: 0.05,2.1735887096774196,0.3807852822580645,140.0,0.9497983870967742,0.2796300403225805,0.10115524193548382,0.1789175403225806,0.4402971774193551,0.9001093364953189,0.47530123431203614,0.18975830131224855,0.10424013766599033
61,Adaptive Tit For Tat: 0.5,2.1724798387096773,0.5171635080645162,116.5,0.9484274193548388,0.37553024193548395,0.1416332661290323,0.1403413306451613,0.34249516129032254,0.9496638371711642,0.056651647283745374,0.9501399641837013,0.05191719477385576
62,Adaptive,2.1713911290322585,0.41052883064516127,136.0,0.9510080645161291,0.2494002016129032,0.16112862903225786,0.2088941532258065,0.38057701612903233,0.802582149616371,0.7123274262881908,0.21286054395729745,0.07938587456029157
63,Second by Champion,2.166451612903226,0.7517409274193548,20.5,0.9532258064516129,0.5520098790322583,0.19973104838709674,0.06524677419354838,0.18301229838709662,0.9500086375051838,0.6677761435755344,0.9499148800992907,0.45248082193923467
64,Resurrection,2.158155241935484,0.4680203629032258,171.0,0.9496774193548387,0.3488068548387098,0.11921350806451612,0.1454122983870968,0.38656733870967724,0.9501450807177314,0.0502307264770326,0.7003040905249647,0.04996881909133323
65,Fool Me Once,2.156592741935484,0.12888548387096774,213.0,0.9505241935483871,0.08710483870967745,0.04178064516129031,0.25606491935483855,0.6150495967741937,0.7332535541727655,0.17356855493560805,0.0810290242090124,0.050725236514831185
66,Second by Weiner,2.155877016129032,0.37788064516129033,210.0,0.9494354838709678,0.30853951612903235,0.06934112903225803,0.15187479838709678,0.4702445564516128,0.8615751514106379,0.12327288966130373,0.41104125072471825,0.05443008491605589
67,Math Constant Hunter,2.154385080645161,0.44089778225806453,112.0,0.9502822580645162,0.2273439516129032,0.21355383064516123,0.22869354838709685,0.33040866935483887,0.6991453980026411,0.7330648806790597,0.19707966446262518,0.2103253662677637
68,Second by Grofman,2.1533971774193548,0.3929354838709677,173.0,0.9504435483870968,0.3250635080645163,0.06787197580645164,0.14282459677419349,0.4642399193548387,0.8462272575526137,0.4992749432085983,0.2714282051993989,0.10835695142397335
69,Raider,2.152368951612903,0.37925826612903224,114.0,0.047943548387096774,0.24449274193548381,0.13476552419354834,0.19945806451612905,0.4212836693548387,0.8736558892704529,0.09623014965364046,0.7489310314389013,0.125124975885278
70,Meta Majority Long Memory: 137 players,2.151895161290323,0.3822758064516129,213.5,0.949516129032258,0.3071143145161289,0.07516149193548388,0.15347560483870973,0.46424858870967756,0.8586547834535703,0.05102715042020143,0.47985575505105216,0.05049680480811521
71,Meta Hunter: 6 players,2.1484475806451617,0.26985221774193546,142.5,0.9490322580645161,0.14271431451612906,0.12713790322580648,0.2477118951612904,0.48243588709677404,0.6951887270851762,0.5274972487659808,0.20735153642620532,0.10316163447554459
72,Slow Tit For Two Tats 2,2.1472580645161288,0.5285445564516129,98.0,0.9478225806451613,0.4237254032258065,0.1048191532258065,0.10128911290322576,0.3701663306451613,0.9500381337133,0.6108298004440653,0.4318173978989192,0.051401217991861974
73,Evolved FSM 16,2.146260080645161,0.3644375,131.0,0.9505241935483871,0.1367816532258064,0.22765584677419354,0.27501330645161287,0.36054919354838727,0.5116700965927029,0.443070183042127,0.3117109776575356,0.31173079175868507
74,Meta Majority Finite Memory: 80 players,2.145735887096774,0.4884810483870968,153.0,0.9513709677419355,0.37663145161290323,0.1118495967741936,0.12679798387096775,0.38472096774193537,0.92374113128145,0.16735512634329966,0.7018530671851136,0.07116225711435949
75,Meta Majority Memory One: 36 players,2.1428024193548385,0.49380725806451614,131.5,0.9543145161290323,0.36160040322580644,0.13220685483870964,0.137995564516129,0.36819717741935487,0.9351189174744061,0.10516003488826278,0.8128796538386232,0.07622248329716821
76,Firm But Fair,2.1411895161290317,0.6743278225806452,77.0,0.9503629032258064,0.4317846774193545,0.2425431451612905,0.12955766129032267,0.19611451612903238,0.9502488408118084,0.05013089803641461,0.9494723666934359,0.6487950290960482
77,Prober 3,2.140161290322581,0.2445602822580645,156.0,0.04875,0.14641008064516134,0.09815020161290317,0.23579556451612904,0.5196441532258065,0.7223950226328038,0.05053577184144607,0.5192631560893932,0.05488400296884497
78,EvolvedLookerUp2_2_2,2.1386189516129033,0.5176455645161291,99.0,0.9505645161290323,0.2506453629032258,0.2670002016129033,0.2258300403225807,0.2565243951612903,0.6601499406775919,0.3568199265936119,0.3454281781248319,0.7598988906586136
79,"N Tit(s) For M Tat(s): 3, 2",2.138578629032258,0.5361681451612903,102.0,0.9499596774193548,0.4277584677419353,0.10840967741935484,0.09796915322580647,0.36586270161290335,0.9158070621151201,0.5672663766568908,0.4342410233489153,0.19944616040128688
80,AdaptorBrief,2.1362600806451617,0.2710598790322581,198.5,0.9406451612903226,0.18680282258064518,0.08425705645161286,0.21152036290322568,0.5174197580645162,0.8246641497583641,0.1530103780824914,0.28574563356941934,0.07056199690008709
81,Forgiver,2.134536290322581,0.23695443548387096,198.0,0.9502822580645162,0.1902088709677419,0.04674556451612904,0.20081249999999998,0.5622330645161291,0.7490090032037023,0.25476625581888335,0.1454182139083412,0.05915055838730516
82,Meta Majority: 217 players,2.1339616935483874,0.4127479838709677,210.0,0.9502822580645162,0.32509354838709653,0.08765443548387106,0.14252459677419352,0.4447274193548389,0.8891575755353377,0.054185019558174605,0.5449074248622741,0.05070442294851244
83,Second by Getzler,2.1335483870967744,0.5090227822580645,109.0,0.9521774193548387,0.37716229838709675,0.1318604838709677,0.1275201612903226,0.36345705645161297,0.8766758619173168,0.32029575256465115,0.686863177462886,0.15950522508772866
84,Evolved ANN 5,2.1322076612903222,0.3268516129032258,178.0,0.9506048387096774,0.24589616935483877,0.08095544354838712,0.18031209677419358,0.4928362903225806,0.9456351659126916,0.5811901216792047,0.049861073781839564,0.0719055842339449
85,"First by Feld: 1.0, 0.5, 200",2.131270161290322,0.3529391129032258,171.0,0.9516935483870967,0.23409697580645158,0.11884213709677416,0.19488528225806445,0.45217560483870983,0.8107130751445014,0.05043877850400601,0.7227856899212329,0.050513422834203105
86,Prober 2,2.126723790322581,0.6189889112903226,87.0,0.04883064516129032,0.4371790322580645,0.18180987903225804,0.10924092741935482,0.27177016129032255,0.9495554710999797,0.37440550730145306,0.9495401386280352,0.12695363855176894
87,NMWE Memory One: 36 players,2.1264516129032254,0.11797177419354839,203.0,0.9491935483870968,0.06462479838709673,0.053346975806451584,0.26245947580645157,0.6195687500000001,0.6104827949802856,0.15366651886885033,0.11751254573091936,0.08501524784200912
88,DoubleResurrection,2.125282258064516,0.48354072580645163,111.0,0.95125,0.2859252016129032,0.1976155241935484,0.18775665322580637,0.32870262096774205,0.839495157894039,0.04993897682126767,0.9502430917288586,0.1452034127914332
89,TF3,2.1252620967741933,0.10769012096774193,215.0,0.9507258064516129,0.06473770161290318,0.04295241935483874,0.2596518145161289,0.6326580645161292,0.5736241648066549,0.18954047700089416,0.12162107090459523,0.05195613166798058
90,"Michaelos: (D,)",2.1245967741935483,0.1028703629032258,217.0,0.9511290322580646,0.06199274193548389,0.04087762096774195,0.26008790322580655,0.6370417338709676,0.731304724811466,0.0498468564697609,0.08884695527200034,0.04969217795868961
91,PSO Gambler Mem1,2.122631048387097,0.3826983870967742,116.0,0.949516129032258,0.24230383064516134,0.14039455645161297,0.19469919354838716,0.4226024193548386,0.9491965920234369,0.5198506380429977,0.05023893062200771,0.15816479490703209
92,"ZD-GEN-2: 0.125, 0.5, 3",2.121260080645161,0.6129072580645162,72.0,0.9510483870967742,0.42976108870967744,0.18314616935483868,0.11161814516129027,0.2754745967741936,0.9504553005983941,0.5565068953579487,0.5005985875727293,0.1631573805930194
93,Meta Winner: 8 players,2.1212298387096773,0.12793931451612903,183.0,0.9485887096774194,0.06918528225806449,0.05875403225806453,0.2604368951612904,0.6116237903225806,0.6250093137081725,0.30704894033907637,0.07908520201552106,0.07797314941888073
94,"First by Tideman and Chieruzzi: (D, D)",2.1204737903225808,0.3673600806451613,189.0,0.9511290322580646,0.2849703629032256,0.08238971774193543,0.1586237903225807,0.4740161290322582,0.891335608988579,0.13019958606400373,0.4371470705166351,0.05219073704198254
95,NMWE Deterministic: 149 players,2.120070564516129,0.1076608870967742,200.5,0.9527016129032259,0.05910161290322574,0.0485592741935484,0.26223407258064524,0.6301050403225806,0.6152165934100766,0.12757086115360164,0.0955952560964614,0.06593715206685823
96,First by Shubik,2.1195766129032263,0.33344495967741933,159.0,0.9488306451612903,0.23038951612903225,0.10305544354838705,0.19030302419354847,0.47625201612903223,0.8901571571975679,0.050137953570496635,0.22917264130591433,0.17311933393077578
97,Second by Appold,2.1192741935483874,0.5595774193548387,81.0,0.9495564516129033,0.38128185483870985,0.17829556451612885,0.13360403225806453,0.30681854838709693,0.7714878529493601,0.48718084802931355,0.6238452387289037,0.39877691529852005
98,Nice Meta Winner: 217 players,2.118739919354839,0.11854314516129032,197.0,0.9516129032258065,0.0659195564516129,0.05262358870967741,0.2601046370967741,0.6213522177419355,0.616667075682449,0.2961449405047584,0.08118910980031072,0.07301034880509297
99,NMWE Long Memory: 137 players,2.1187096774193552,0.10727399193548387,201.0,0.949274193548387,0.05871149193548387,0.04856249999999998,0.26239052419354836,0.6303354838709679,0.608886166514611,0.13190816749275,0.09593331371363908,0.06601363632353952
100,Nice Meta Winner Ensemble: 217 players,2.118014112903226,0.11645745967741936,191.0,0.9472983870967742,0.06171814516129027,0.05473931451612896,0.26257782258064527,0.6209647177419355,0.5964379148907126,0.1406303330741395,0.10989943301734079,0.07752910290894581
101,MEM2,2.1178225806451616,0.09375262096774194,216.0,0.9481854838709678,0.0542004032258065,0.039552217741935514,0.26214173387096784,0.6441056451612902,0.6590273256880506,0.0806934923597207,0.07274439684627311,0.04992618685384472
102,Prober,2.113820564516129,0.3183022177419355,141.0,0.05088709677419355,0.2008219758064516,0.11748024193548386,0.20758326612903222,0.4741145161290323,0.8621261776016577,0.0724978448999141,0.6262813676477571,0.056430581980583275
103,NMWE Finite Memory: 80 players,2.1119254032258064,0.14626471774193547,174.0,0.9499193548387097,0.07248145161290326,0.07378326612903228,0.26025524193548405,0.5934800403225805,0.5729724301355111,0.1849557305404316,0.1459278682331224,0.1220213537931157
104,NMWE Stochastic: 68 players,2.111743951612903,0.15162842741935484,168.0,0.9521370967741936,0.07514334677419347,0.07648508064516125,0.2596681451612904,0.5887034274193549,0.5665889870218256,0.1789222037027838,0.1700751630297314,0.1209972018199926
105,Grudger,2.111572580645161,0.09219173387096774,218.0,0.9516532258064516,0.053396572580645146,0.03879516129032257,0.26153931451612894,0.6462689516129033,0.6458528521705502,0.050820025232504694,0.0674094701325408,0.04992967975087563
106,First by Davis: 10,2.110887096774194,0.11282479838709678,205.0,0.9510887096774193,0.06563588709677418,0.04718891129032259,0.25692318548387105,0.6302520161290321,0.7216547466926866,0.26262580740052655,0.07143744954953293,0.052282205940054526
107,Worse and Worse 3,2.1100302419354837,0.5635875,84.5,0.9489516129032258,0.375626814516129,0.187960685483871,0.13629919354838713,0.3001133064516129,0.7254861857640024,0.543910482622973,0.5696587642096378,0.4282684733071451
108,SpitefulCC,2.10758064516129,0.09326512096774194,217.0,0.9493951612903225,0.05410806451612905,0.03915705645161288,0.2597167338709676,0.6470181451612905,0.6411994366238696,0.07965226626556182,0.06740529512685448,0.050268882526926933
109,Nice Average Copier,2.1072681451612905,0.562076814516129,83.0,0.9496774193548387,0.3752663306451613,0.18681048387096783,0.13605060483870965,0.3018725806451613,0.7265632922010914,0.5429922959377275,0.569069546902722,0.4332116380739955
110,Remorseful Prober: 0.1,2.1065423387096773,0.4357334677419355,134.0,0.9531854838709677,0.28914999999999974,0.14658346774193548,0.16860241935483866,0.3956641129032261,0.8595810177233242,0.05400735052684998,0.8602214535429832,0.14910575025385842
111,"General Soft Grudger: n=1,d=4,c=2",2.1053125,0.5497754032258064,97.0,0.9501612903225807,0.3522546370967742,0.1975207661290323,0.14918911290322584,0.3010354838709678,0.9277647482219182,0.3752127213430743,0.33703648700048666,0.29006575422450354
112,Second by Tester,2.1048790322580646,0.47773629032258064,111.5,0.05169354838709678,0.3305905241935484,0.1471457661290322,0.14730786290322573,0.37495584677419364,0.9243539142643359,0.07698892291043839,0.95014872115022,0.0762641885534925
113,Soft Grudger,2.1035584677419354,0.5502243951612903,97.0,0.9502419354838709,0.3527707661290321,0.1974536290322582,0.14908709677419363,0.3006885080645162,0.9287553581310884,0.3748324638224435,0.33681867649816444,0.290176164754352
114,PSO Gambler 2_2_2,2.1035282258064516,0.3350258064516129,109.0,0.9503225806451613,0.12179112903225812,0.21323467741935478,0.2680590725806451,0.39691512096774195,0.5298334632443527,0.17350894735991082,0.3347892745579533,0.4102790418339458
115,First by Graaskamp: 0.05,2.102852822580645,0.5698877016129033,128.0,0.9501612903225807,0.3589945564516128,0.21089314516129032,0.14880483870967734,0.28130745967741944,0.8562740584912292,0.5727807661619664,0.6711869971734986,0.22393565399625254
116,Second by Leyvraz,2.1019153225806453,0.6324697580645161,76.0,0.9508467741935483,0.4120792338709676,0.2203905241935485,0.12450826612903224,0.24302197580645174,0.8214296637773458,0.45780781505869605,0.8014401036414773,0.44711110048714736
117,Calculator,2.10116935483871,0.4270548387096774,125.0,0.9480241935483871,0.2932385080645162,0.1338163306451612,0.1628895161290322,0.41005564516129034,0.918272958661786,0.049795928496068544,0.804615388736559,0.04983502013508174
118,Prober 4,2.098276209677419,0.19266633064516128,163.0,0.9507661290322581,0.10510725806451617,0.08755907258064519,0.24363286290322583,0.5637008064516128,0.6229071466219624,0.1602647358754146,0.3243240087576685,0.07832652126705487
119,PSO Gambler 1_1_1,2.097752016129032,0.30306431451612903,132.0,0.9506048387096774,0.18473991935483872,0.11832439516129041,0.2113052419354839,0.485630443548387,0.9499895405454847,0.2524196634283646,0.050332066771874594,0.16901318337340238
120,Second by Gladstein,2.0973790322580648,0.47563165322580647,109.0,0.05008064516129032,0.32827903225806426,0.14735262096774188,0.14698649193548385,0.37738185483870995,0.9236491281093899,0.07690351728780938,0.9481285628408522,0.07585794523645757
121,Detective,2.0952721774193543,0.36350201612903227,130.0,0.9472177419354839,0.2356064516129032,0.12789556451612907,0.18844435483870983,0.448053629032258,0.8568958219907872,0.06984149117191049,0.7005340157681368,0.05981929006425641
122,Suspicious Tit For Tat,2.095211693548387,0.4745604838709677,116.0,0.05092741935483871,0.3269548387096774,0.14760564516129032,0.14702358870967736,0.3784159274193549,0.9500612384947267,0.049791054924638804,0.9502646198329266,0.04989039770181282
123,Sneaky Tit For Tat,2.093608870967742,0.7269760080645161,58.0,0.9495967741935484,0.46954939516129035,0.25742661290322566,0.10318064516129036,0.16984334677419358,0.931269123743099,0.4230436245046517,0.8524420446747689,0.45912794305255755
124,GTFT: 0.7,2.0935584677419357,0.8501715725806451,31.0,0.9520161290322581,0.567509879032258,0.2826616935483871,0.06054475806451615,0.0892836693548387,0.9501971308616252,0.6794162635956823,0.9503516715302541,0.6792740525040728
125,First by Joss: 0.9,2.090685483870968,0.41302076612903227,153.0,0.95125,0.27667862903225815,0.13634213709677412,0.16822399193548368,0.4187552419354841,0.8590379420727852,0.049538586041528034,0.8598726578800205,0.050194155511686885
126,Second by Colbert,2.0904133064516133,0.6891002016129032,76.0,0.9510887096774193,0.4378058467741935,0.25129435483870977,0.1161207661290322,0.19477903225806462,0.9293422251114447,0.3940576401265045,0.5701032399533043,0.5349367604934047
127,Winner12,2.0901411290322582,0.31414032258064517,138.0,0.9483467741935484,0.1981806451612903,0.11595967741935487,0.20265040322580635,0.48320927419354837,0.9503028243673202,0.05903133310698882,0.051340284981232304,0.3538569592498718
128,Ripoff,2.0888709677419355,0.47058548387096777,110.0,0.04705645161290323,0.3230489919354838,0.14753649193548385,0.1476348790322581,0.38177963709677426,0.9095838485785276,0.07434924587901086,0.9474585789693168,0.0775126075813076
129,Naive Prober: 0.1,2.087590725806452,0.41209375,152.0,0.9508870967741936,0.2756110887096774,0.13648266129032255,0.16802177419354825,0.41988447580645183,0.8603634815914397,0.05011822949145607,0.8602477835781881,0.050432255111263424
130,Worse and Worse 2,2.0873891129032263,0.3160995967741935,132.0,0.948508064516129,0.1523993951612903,0.16370020161290327,0.2367477822580646,0.44715262096774194,0.6164862821592405,0.30554906869834236,0.3383605699488109,0.22505408299563218
131,ZD-Mem2,2.0866330645161293,0.45559012096774193,120.5,0.9520967741935484,0.2912506048387095,0.16433951612903233,0.16720000000000007,0.3772098790322581,0.8177734450517155,0.1984573365767608,0.7595309702803686,0.16217402928674218
132,Random Hunter,2.0815625,0.8371463709677419,48.0,0.9504435483870968,0.5351483870967743,0.30199798387096777,0.07867641129032257,0.08417721774193541,0.9260323193477062,0.9129966273470232,0.6871671916207245,0.5666501171008711
133,Adaptive Pavlov 2011,2.0813911290322578,0.41163568548387097,193.0,0.9506048387096774,0.3203377016129032,0.09129798387096776,0.13199354838709682,0.45637076612903227,0.8935532071475812,0.1948495623443656,0.4265927563526969,0.06710887429749117
134,AdaptorLong,2.0769959677419356,0.22569798387096773,136.0,0.9438709677419355,0.07986834677419359,0.14582963709677427,0.2662941532258064,0.5080078629032257,0.7296765026970223,0.0645316266554232,0.05969074145699347,0.24099269865413592
135,Meta Winner Long Memory: 137 players,2.075100806451613,0.09222237903225806,188.5,0.9489112903225806,0.03744173387096777,0.05478064516129031,0.26383266129032246,0.6439449596774195,0.4032021579845718,0.21925504223231507,0.0881067609132602,0.08059175693268965
136,EvolvedLookerUp1_1_1,2.0728528225806455,0.1788483870967742,206.0,0.9506854838709677,0.11125060483870973,0.06759778225806452,0.2290276209677421,0.5921239919354837,0.7614269226509346,0.04929638219454326,0.24509289067307044,0.04970517009429007
137,Meta Winner Deterministic: 149 players,2.0727520161290327,0.08610120967741935,201.0,0.9488306451612903,0.03634798387096772,0.04975322580645156,0.26237338709677405,0.6515254032258067,0.39758167351502943,0.2756906781914213,0.08272765232986667,0.07101783875781299
138,Meta Winner: 217 players,2.0699092741935483,0.09149435483870967,196.0,0.9496370967741935,0.03858508064516127,0.052909274193548315,0.26156330645161296,0.6469423387096774,0.41462150239966844,0.2723198044552578,0.08505822240223494,0.07555686678543164
139,Meta Hunter Aggressive: 7 players,2.0691935483870965,0.22791733870967743,138.0,0.9522983870967742,0.09662600806451617,0.1312913306451613,0.2517802419354839,0.5203024193548387,0.5800329841171868,0.5353154083635118,0.15272229023815334,0.1104801503447906
140,First by Tullock,2.0646673387096772,0.39560322580645163,167.0,0.9516935483870967,0.2777417338709678,0.11786149193548388,0.156689314516129,0.44770745967741943,0.7282696809468783,0.44702944830925495,0.42677336770186164,0.24076123759951307
141,Fortress4,2.063649193548387,0.23394737903225807,127.0,0.04955645161290322,0.0776608870967742,0.1562864919354838,0.2662528225806452,0.4997997983870967,0.7044749630041031,0.08568281861335912,0.06931800070368845,0.25654845583974073
142,Adaptive Pavlov 2006,2.0628326612903227,0.38443608870967744,191.0,0.9495967741935484,0.2914098790322582,0.09302620967741934,0.14287500000000003,0.4726889112903225,0.8724115255665691,0.15174445142076798,0.44931915564500186,0.0664113073425438
143,Meta Winner Finite Memory: 80 players,2.0627620967741938,0.07758306451612904,204.0,0.9516935483870967,0.030992943548387074,0.046590120967741976,0.261840927419355,0.660576008064516,0.3681270620420355,0.23695849209812556,0.05977643995173184,0.06446281232883258
144,Average Copier,2.0604637096774194,0.5230207661290323,88.0,0.4992741935483871,0.3401393145161292,0.18288145161290323,0.14147883064516129,0.33550040322580627,0.7014698753966031,0.5106158064345702,0.5440604228128322,0.3919837402773445
145,Meta Winner Ensemble: 217 players,2.059364919354839,0.07614193548387096,198.0,0.8982258064516129,0.02677741935483872,0.049364516129032275,0.26413810483870953,0.6597199596774196,0.24644589770419625,0.11618996953842155,0.09575640001974431,0.07233790522382
146,AON2,2.058094758064516,0.33674899193548385,114.0,0.9494354838709678,0.1389868951612903,0.19776209677419346,0.24430846774193543,0.4189425403225807,0.8636547109637955,0.06081933432715731,0.051959712115331645,0.4150647718968653
147,Meta Winner Memory One: 36 players,2.057842741935484,0.06525524193548388,215.0,0.9493951612903225,0.024735685483870937,0.04051955645161292,0.262288508064516,0.6724562500000001,0.3003571087390979,0.11928725669379454,0.058936379733695136,0.05764251369833771
148,First by Nydegger,2.0569858870967743,0.87099375,54.0,0.9538709677419355,0.5321995967741935,0.33879415322580647,0.08268387096774191,0.04632237903225808,0.8991972784221401,0.8526507938890149,0.7146714099381745,0.627230666377651
149,"Limited Retaliate 3: 0.05, 20",2.05695564516129,0.1643068548387097,173.0,0.9502016129032258,0.09527217741935483,0.0690346774193548,0.23385443548387091,0.6018387096774195,0.6648788906201678,0.06802890483654528,0.11138044192727271,0.09578495379776247
150,Meta Winner Stochastic: 68 players,2.056008064516129,0.08794133064516128,186.0,0.9498790322580645,0.03168084677419356,0.0562604838709678,0.26215866935483895,0.6498999999999997,0.30429646863723,0.14562456872265042,0.10465629271325443,0.08359075188676376
151,Knowledgeable Worse and Worse,2.054173387096774,0.4973483870967742,100.0,0.9451612903225807,0.2544493951612904,0.242898991935484,0.19717177419354834,0.3054798387096772,0.6868942872600278,0.572407293855659,0.4360371824284878,0.33248385046072426
152,Inverse Punisher,2.053064516129032,0.17698245967741935,197.5,0.9490725806451613,0.11743427419354836,0.05954818548387097,0.21933629032258056,0.6036812500000001,0.8446034561064182,0.05025376956105157,0.22563958372387313,0.049743386138348264
153,Retaliate 3: 0.05,2.051350806451613,0.13116048387096774,218.0,0.9512096774193548,0.08838568548387092,0.04277479838709677,0.2296340725806451,0.6392054435483872,0.7308662187511616,0.05027768951012517,0.07901119056658798,0.053138600246287575
154,Fortress3,2.0467943548387098,0.32070604838709676,112.0,0.04657258064516129,0.11857137096774197,0.2021346774193549,0.25283205645161283,0.4264618951612903,0.7963793938323327,0.0901104083349821,0.08158641942007344,0.39588187543013875
155,Inverse,2.046381048387097,0.3237709677419355,184.0,0.9497983870967742,0.2248256048387098,0.09894536290322577,0.17381955645161296,0.5024094758064513,0.8212803567883752,0.05037570941711058,0.5791848903173625,0.050230674902294964
156,CollectiveStrategy,2.0440625,0.05683568548387097,220.0,0.9506451612903226,0.019352620967741922,0.03748306451612903,0.2609372983870968,0.6822270161290322,0.12298983829790018,0.05189916614907524,0.05097050494386339,0.05191924350465734
157,Hard Go By Majority: 20,2.0416229838709676,0.43389879032258066,129.0,0.04903225806451613,0.33769052419354856,0.09620826612903235,0.1151516129032259,0.4509495967741931,0.8320671265489137,0.5190460080270486,0.4029088593413394,0.16309254405131277
158,First by Grofman,2.041350806451613,0.695414314516129,70.0,0.9494354838709678,0.4174542338709677,0.27796008064516126,0.12057157258064519,0.18401411290322578,0.9499675993677493,0.3077038283905233,0.3083718856640457,0.9500360880806147
159,Hard Go By Majority: 5,2.03991935483871,0.4570272177419355,126.0,0.05092741935483871,0.35232963709677434,0.10469758064516135,0.11005080645161293,0.4329219758064514,0.8669198293321034,0.4770479589404794,0.4716348800388147,0.14006641811133314
160,Retaliate 2: 0.08,2.039889112903226,0.1539703629032258,219.0,0.9489112903225806,0.10829919354838705,0.04567116935483868,0.21684939516129026,0.6291802419354839,0.755655367144656,0.04948910534924005,0.09218461860947347,0.0556582365135681
161,Random Tit for Tat: 0.5,2.0381754032258064,0.48015362903225806,98.0,0.9492338709677419,0.2604064516129031,0.21974717741935493,0.18426935483870976,0.33557701612903224,0.726106062786922,0.23164239183380045,0.7565890420692566,0.2854954587892729
162,Hard Go By Majority: 40,2.0374495967741932,0.44558366935483873,123.0,0.050524193548387095,0.34336693548387104,0.10221673387096777,0.11293225806451616,0.4414840725806449,0.8435808640646831,0.5438208419367918,0.41097205035652,0.16479994468293047
163,Thumper,2.0359778225806453,0.3537733870967742,180.0,0.9483467741935484,0.25842237903225806,0.09535100806451607,0.15359294354838707,0.49263366935483877,0.9115892392838686,0.05001445715991328,0.5247041296526977,0.05010380064026115
164,Aggravater,2.03585685483871,0.059100201612903226,220.0,0.05108870967741935,0.022031249999999995,0.03706895161290323,0.2570483870967743,0.6838514112903225,0.20818847235766783,0.04948376756055118,0.05884770750617899,0.050011011644579405
165,"Limited Retaliate 2: 0.08, 15",2.035846774193548,0.19110221774193548,164.0,0.9488306451612903,0.11187197580645157,0.07923024193548385,0.22254254032258058,0.5863552419354839,0.6680749191671493,0.07027465677892575,0.12688555849737185,0.10940006832037652
166,"Limited Retaliate: 0.1, 20",2.033447580645161,0.19439072580645161,174.0,0.9503225806451613,0.12240383064516129,0.07198689516129031,0.215221370967742,0.5903879032258064,0.7048136588364408,0.06710947787588142,0.1254810388809903,0.09397976849932348
167,Punisher,2.032147177419355,0.24929959677419355,214.0,0.9487096774193549,0.19065624999999997,0.05864334677419359,0.17745100806451614,0.5732493951612904,0.8268258431345417,0.05039165068482049,0.2279644053119435,0.04947731597898045
168,Hard Go By Majority,2.031622983870968,0.46372620967741934,116.0,0.05004032258064516,0.3513629032258066,0.11236330645161292,0.11012258064516126,0.4261512096774192,0.8448243413320151,0.5686957178211489,0.4271125577515182,0.18001200201619671
169,GrudgerAlternator,2.0304334677419353,0.5207280241935484,96.0,0.948991935483871,0.20525141129032273,0.31547661290322576,0.2341141129032257,0.24515786290322575,0.30509046599891715,0.050108514675929874,0.9499228804916287,0.9502725319735131
170,Retaliate: 0.1,2.029889112903226,0.16687217741935484,218.0,0.9508467741935483,0.11901189516129042,0.0478602822580645,0.2097602822580645,0.6233675403225806,0.7676105145057622,0.04986008483514186,0.10238573757689952,0.057360223420453146
171,Hard Go By Majority: 10,2.0277318548387098,0.40671673387096774,143.0,0.05084677419354839,0.3182868951612903,0.08842983870967744,0.11933770161290314,0.4739455645161292,0.8353400135807691,0.4736844300104771,0.38228183943628696,0.14941093856478552
172,UsuallyDefects,2.0263709677419355,0.13907177419354838,156.5,0.05016129032258065,0.04456693548387099,0.09450483870967741,0.2578550403225808,0.6030731854838708,0.049346820161486046,0.12492525587659557,0.04987125008632941,0.2491573625836681
173,Forgetful Grudger,2.0255846774193547,0.18755564516129034,211.0,0.9518145161290322,0.1324737903225807,0.05508185483870967,0.20409616935483868,0.6083481854838709,0.8211354540244333,0.049905720196629484,0.16139132311450127,0.05004853970509485
174,Defector,2.024304435483871,0.05002641129032258,221.0,0.053064516129032256,0.013603830645161288,0.03642258064516131,0.25852177419354827,0.6914518145161291,0.049042160428929324,0.04933469395621858,0.05049088794838531,0.04991426326373537
175,Two Tits For Tat,2.0224495967741936,0.2956320564516129,213.0,0.9478225806451613,0.22236975806451614,0.07326229838709672,0.16262439516129035,0.5417435483870968,0.8566779421107119,0.04998205078664807,0.31154078422752396,0.04987872978789041
176,SolutionB5,2.0198185483870965,0.33528165322580644,162.0,0.04887096774193549,0.22135000000000005,0.11393165322580642,0.17298044354838712,0.49173790322580646,0.9156025467561609,0.04943653236939533,0.6129182945857201,0.04994825119284882
177,Pun1,2.015725806451613,0.7319723790322581,45.0,0.05012096774193548,0.4483004032258064,0.28367197580645154,0.1006274193548387,0.16740020161290337,0.9503425930311651,0.26615595485428406,0.9495834285083503,0.8237180477952716
178,Predator,2.0078225806451613,0.09981451612903226,210.0,0.9506451612903226,0.042883467741935445,0.05693104838709681,0.244883870967742,0.6553016129032257,0.29308592009765977,0.05397926295763417,0.15495245071773392,0.056339257966123275
179,Random: 0.1,2.0069959677419353,0.14019879032258065,149.0,0.1418951612903226,0.04175625000000001,0.09844254032258067,0.2557776209677419,0.6040235887096774,0.14051068663316574,0.1404656455722172,0.13949051646286637,0.1404449719308167
180,Hard Tit For Tat,2.001260080645161,0.22824193548387098,217.0,0.9481854838709678,0.17251310483870966,0.05572883064516129,0.17858568548387108,0.593172379032258,0.7961818179660018,0.05023560584183903,0.17898138509638567,0.05062239181792783
181,GTFT: 0.9,2.0007056451612906,0.916496370967742,21.0,0.9502822580645162,0.5849112903225805,0.33158508064516146,0.04042782258064514,0.04307580645161291,0.9500569726749767,0.859822893981492,0.9513070968094097,0.8607243432223497
182,Stochastic Cooperator,2.000514112903226,0.49565040322580645,96.0,0.9498387096774193,0.2737125,0.22193790322580653,0.16872500000000007,0.33562459677419343,0.8912076284345888,0.25575749689284677,0.2902007328214216,0.427895649307981
183,Better and Better,1.9975403225806452,0.1405328629032258,147.0,0.051008064516129034,0.041462701612903226,0.09907016129032259,0.2533306451612903,0.6061364919354839,0.1603234431593987,0.15924024415756377,0.13423739086280218,0.13733691100440837
184,Willing,1.996633064516129,0.8708502016129033,19.5,0.49875,0.5654556451612903,0.30539455645161284,0.043045362903225776,0.08610443548387096,0.9500402910421035,0.9505204708020797,0.9503668230535072,0.05210382055122985
185,TF1,1.9932157258064516,0.1303266129032258,205.0,0.947983870967742,0.06577419354838712,0.06455241935483874,0.2316701612903226,0.6380032258064515,0.39934222536671354,0.23253266628085642,0.15592976521924662,0.08049525680193803
186,"ZD-Extort-2 v2: 0.125, 0.5, 1",1.9884072580645162,0.31772137096774195,154.0,0.9509677419354838,0.2049163306451614,0.11280504032258062,0.17302883064516122,0.5092497983870967,0.8385076163503192,0.44318464205013497,0.38783486099331577,0.05052839348498858
187,Meta Mixer: 217 players,1.9881451612903225,0.4147179435483871,117.0,0.7869354838709678,0.2078923387096774,0.20682560483870965,0.1950131048387098,0.39026895161290315,0.5835385362476693,0.3286161442106595,0.5314328805941858,0.3168304084859389
188,"ZD-Mischief: 0.1, 0.0, 1",1.98625,0.2027024193548387,162.0,0.948991935483871,0.11283689516129036,0.0898655241935484,0.212576814516129,0.5847207661290321,0.7695473974675789,0.5902190801847529,0.1405078125090686,0.0500293110530834
189,"ZD-Extort-2: 0.1111111111111111, 0.5",1.9847782258064517,0.3231540322580645,152.0,0.9498387096774193,0.20860584677419355,0.11454818548387091,0.1708790322580646,0.505966935483871,0.8491272900196977,0.5014762976175124,0.3508607804319652,0.05039927852526957
190,"ZD-Extort-4: 0.23529411764705882, 0.25, 1",1.9795060483870968,0.21170504032258064,185.5,0.9497177419354839,0.12001471774193552,0.09169032258064519,0.20762580645161285,0.5806691532258064,0.6314965926233097,0.05005760600896889,0.4734895142257156,0.050173824150873736
191,"ZD-Extort3: 0.11538461538461539, 0.3333333333333333, 1",1.9747782258064517,0.2750185483870968,158.0,0.9502016129032258,0.16975362903225807,0.10526491935483867,0.1849334677419355,0.5400479838709678,0.8112539985024197,0.49950069703320327,0.2924357237422949,0.05032827713009707
192,"ZD-SET-2: 0.25, 0.0, 2",1.9743750000000002,0.4148875,110.0,0.9486290322580645,0.20930040322580631,0.20558709677419348,0.19075181451612896,0.39436068548387126,0.724467762559752,0.27420165626297666,0.5008704341811892,0.2753100036743622
193,"ZD-Extortion: 0.2, 0.1, 1",1.9712399193548387,0.1767219758064516,185.0,0.9509677419354838,0.09725282258064516,0.07946915322580651,0.21414032258064503,0.6091377016129033,0.6248966710282535,0.21267960859481833,0.30226358736046055,0.049882153211830794
194,Cautious QLearner,1.9697278225806452,0.8749151209677419,45.0,0.9031048387096774,0.5359118951612905,0.3390032258064515,0.058844758064516105,0.06624012096774193,0.9052262641979608,0.9005475339619343,0.9057022044391101,0.7326848653927556
195,ALLCorALLD,1.9687197580645162,0.5055415322580645,96.5,0.5922580645161291,0.2879183467741936,0.21762318548387102,0.15273790322580655,0.3417205645161289,0.9496866673300046,0.9497651978601361,0.050900507723227885,0.050158273146854684
196,Cycle Hunter,1.968578629032258,0.8186068548387097,49.0,0.9500806451612903,0.4995209677419354,0.3190858870967742,0.07223487903225807,0.10915826612903227,0.9392860717043077,0.9112952699194838,0.5420544039932736,0.26673381323341117
197,Worse and Worse,1.9677318548387097,0.8597502016129033,57.0,0.9501209677419354,0.5032471774193549,0.3565030241935483,0.0793252016129032,0.06092459677419351,0.8700245704354169,0.8567330038307929,0.8466410946073403,0.8369596540852398
198,Risky QLearner,1.9662701612903226,0.8753570564516129,45.0,0.9031048387096774,0.5351687500000001,0.34018830645161285,0.059021572580645144,0.06562137096774193,0.9048912159896829,0.9002811105126133,0.9038296615242428,0.7360483413826483
199,TF2,1.966139112903226,0.20738870967741935,167.0,0.9486693548387096,0.11465201612903235,0.09273669354838714,0.207234677419355,0.5853766129032254,0.49369811369322864,0.06404422027546218,0.3926806978497022,0.10294876897918318
200,Mediocre QLearner,1.9657056451612904,0.8748810483870968,45.0,0.9053225806451612,0.5355453629032257,0.33933568548387105,0.05884818548387096,0.06627076612903225,0.9051709916879315,0.9003596382591581,0.905517345668484,0.7307982456342722
201,Arrogant QLearner,1.9654032258064515,0.875133064516129,44.0,0.9044354838709677,0.5356387096774193,0.3394943548387096,0.05886028225806452,0.06600665322580644,0.9046653302938157,0.9000580588941465,0.9052750958219846,0.730593914233366
202,Hesitant QLearner,1.9651411290322582,0.874679435483871,45.0,0.9052822580645161,0.5356697580645162,0.3390096774193547,0.058924798387096765,0.06639576612903227,0.9048658682450144,0.9000971727279908,0.9050410036684486,0.7327870652934338
203,Tricky Level Punisher,1.9592137096774196,0.5631254032258064,78.0,0.9511693548387097,0.3256899193548386,0.23743548387096777,0.13594334677419356,0.3009312500000001,0.9217531807814411,0.8206128195130672,0.22951595423959945,0.10438525171426784
204,SelfSteem,1.9549395161290322,0.4707443548387097,91.0,0.5017741935483871,0.23739112903225804,0.23335322580645163,0.17810181451612903,0.3511538306451612,0.7362752563458284,0.3889789792903706,0.5949453883175326,0.27143178905772297
205,Handshake,1.9501512096774194,0.16020201612903226,193.0,0.94875,0.07558366935483869,0.08461834677419347,0.22118931451612908,0.6186086693548388,0.6159408795222441,0.40808331323069563,0.08376886445590356,0.07502598590206175
206,Cycler CCCD,1.9457056451612902,0.7250512096774193,69.0,0.9477822580645161,0.35675201612903196,0.3682991935483873,0.1499098790322581,0.12503891129032266,0.6246048712373033,0.7007469456425074,0.9090206425546739,0.9082409783352647
207,Winner21,1.9448387096774193,0.2669875,207.0,0.05157258064516129,0.1913260080645162,0.07566149193548394,0.15947560483870976,0.5735368951612901,0.9507262655002708,0.05010974020622054,0.29974480515527563,0.056517012879692984
208,Alternator Hunter,1.9431451612903226,0.9355348790322581,21.0,0.947983870967742,0.5766897177419356,0.35884516129032246,0.03748548387096778,0.026979637096774166,0.9475402617280654,0.9469042041762634,0.916423083565691,0.8749832553501038
209,Appeaser,1.9425403225806452,0.5342352822580645,84.0,0.95125,0.2508582661290323,0.2833770161290323,0.1810997983870967,0.2846649193548386,0.9506630994530245,0.05010005836952566,0.049914530543538185,0.9499481305705711
210,Random: 0.7,1.9421169354838712,0.6800120967741935,70.5,0.678508064516129,0.3323969758064515,0.3476151209677421,0.15631834677419346,0.16366955645161294,0.6801914085779371,0.6800383799840326,0.6788010153759134,0.6796551181353001
211,Defector Hunter,1.940977822580645,0.9488181451612904,18.0,0.9486693548387096,0.5883320564516128,0.36048608870967747,0.03111995967741935,0.020061895161290318,0.9498908217355156,0.9497917781515187,0.9501366821789398,0.9272112160639239
212,Win-Stay Lose-Shift,1.9381249999999999,0.5332766129032258,83.5,0.9493951612903225,0.2496473790322581,0.28362923387096767,0.18162741935483875,0.28509596774193546,0.9500796637276139,0.0496520672696271,0.050142506279378184,0.9497643754318317
213,Opposite Grudger,1.9364012096774195,0.9389883064516129,19.0,0.0530241935483871,0.5787616935483871,0.3602266129032257,0.03521088709677419,0.0258008064516129,0.9496263080199604,0.9476963100737598,0.9498828383605793,0.7817112134660875
214,Eventual Cycle Hunter,1.936078629032258,0.9296822580645161,24.0,0.9493548387096774,0.5703294354838709,0.3593528225806453,0.03884657258064519,0.03147116935483871,0.9474428776829378,0.9464127310970317,0.7515932723113927,0.6030219345287163
215,Win-Shift Lose-Stay: D,1.9358165322580647,0.5201915322580645,92.0,0.052056451612903225,0.20501028225806453,0.3151812499999999,0.20989858870967742,0.26990987903225816,0.05001120333948287,0.9498446270662595,0.9498959531278219,0.04994163625882587
216,Alternator,1.934889112903226,0.5011987903225806,91.0,0.9494758064516129,0.1664758064516128,0.33472298387096766,0.23418326612903237,0.2646179435483872,0.05017875372281032,0.049898699614211735,0.9501841009585396,0.9500027049209168
217,Random: 0.9,1.9347681451612906,0.8600185483870968,55.0,0.8629032258064516,0.4918687499999998,0.3681497983870969,0.08002379032258071,0.059957661290322574,0.8603809070672358,0.8596804215055287,0.8592412020442629,0.8591461880228762
218,Delayed AON1,1.9346471774193548,0.5053195564516129,87.0,0.9521774193548387,0.21587923387096772,0.2894403225806452,0.19813629032258068,0.29654415322580635,0.8971411207596806,0.05596263276398514,0.05196394242535617,0.9496954946888697
219,Tricky Defector,1.9335282258064517,0.4097677419354839,113.0,0.05088709677419355,0.08154879032258064,0.32821895161290326,0.2748375000000002,0.3153947580645159,0.04954705169058762,0.7657252190301239,0.04943005316135993,0.2935929853378527
220,Cycler CCCDCD,1.9328024193548385,0.6530616935483871,73.0,0.9511290322580646,0.2922258064516129,0.36083588709677406,0.17701612903225802,0.169922177419355,0.5126934695793154,0.5203024573074375,0.9087289375038997,0.8882952412041685
221,Cycler CCD,1.9327721774193547,0.6530028225806451,72.0,0.9510483870967742,0.2879816532258064,0.3650211693548389,0.18078850806451596,0.16620866935483863,0.4519609958132498,0.576448763594295,0.9074665429804131,0.9014099920178404
222,Cooperator,1.9320564516129033,0.9500258064516129,18.0,0.9532258064516129,0.586274193548387,0.36375161290322594,0.030845564516129034,0.019128629032258065,0.9501389204434848,0.9499859451514321,0.9492702459332841,0.9502262220091539
223,Stochastic WSLS: 0.05,1.927258064516129,0.5247040322580645,85.0,0.9486290322580645,0.23754294354838698,0.2871610887096774,0.1848760080645161,0.2904199596774195,0.9048736100725913,0.09501095756861169,0.0949958912913322,0.9048750809426912
224,Cycler DDC,1.926179435483871,0.3468747983870968,110.0,0.04810483870967742,0.09879939516129028,0.24807540322580635,0.24398346774193555,0.4091417338709678,0.09960309075901806,0.09211283987153991,0.3988403922406059,0.5378471023730892
225,Random: 0.3,1.9253326612903225,0.31967157258064516,112.5,0.31959677419354837,0.10825483870967738,0.21141673387096768,0.23001471774193555,0.4503137096774194,0.3206044145377746,0.31950121758566713,0.31951033275417134,0.31969611310128365
226,"Bush Mosteller: 0.5, 0.5, 3.0, 0.5",1.9252217741935485,0.28993951612903224,127.0,0.49366935483870966,0.12866653225806451,0.16127298387096764,0.2075616935483871,0.5024987903225807,0.5152228007085798,0.31493925958569385,0.2690979135354538,0.26143003414816635
227,ThueMorseInverse,1.9228225806451613,0.4999584677419355,92.0,0.9519354838709677,0.1843762096774194,0.31558225806451623,0.2176447580645161,0.28239677419354836,0.3097775193443087,0.38642745820482977,0.5912527630135793,0.673263472535285
228,Cycler CCCCCD,1.9160282258064516,0.8015792338709677,62.0,0.9503225806451613,0.422858064516129,0.37872116935483874,0.11194818548387096,0.08647258064516132,0.7604180681702711,0.7995754562665482,0.9119769479998855,0.9132734023566991
229,UsuallyCooperates,1.9126915322580647,0.8680441532258064,56.0,0.9510887096774193,0.48695443548387074,0.3810897177419357,0.08073629032258067,0.051219556451612934,0.7367140279703966,0.9500480015115368,0.8711325299313093,0.950736461382074
230,Cycler DC,1.9109879032258066,0.5000364919354838,88.0,0.050725806451612905,0.16431995967741936,0.33571653225806447,0.22973770161290324,0.270225806451613,0.14098207305387855,0.09565375958225336,0.9091947083922157,0.86442104801315
231,Desperate,1.9109879032258066,0.37637862903225805,107.0,0.49806451612903224,0.08047258064516125,0.2959060483870967,0.2614622983870967,0.3621590725806453,0.05010010583887258,0.05076673251180662,0.049384261547760704,0.949512253406563
232,First by Anonymous,1.8989717741935483,0.49962782258064514,86.0,0.4978225806451613,0.19969092741935482,0.29993689516129024,0.19983125000000004,0.300540927419355,0.5000771441515488,0.49913612974207,0.499310031099782,0.5001982151733008
233,$e$,1.8978125000000001,0.8036782258064517,68.0,0.9505645161290323,0.3672036290322581,0.43647459677419354,0.1497872983870967,0.04653447580645164,0.6956132171211719,0.9486986146988374,0.7006008204350372,0.9493507063391953
234,Random: 0.5,1.8969354838709678,0.4997552419354839,86.0,0.4981048387096774,0.19948508064516135,0.3002701612903225,0.19966290322580638,0.30058185483870964,0.49969500266182787,0.4995023458176618,0.4991098476652703,0.5004740206923661
235,$\pi$,1.8950604838709677,0.8246274193548387,64.0,0.9498387096774193,0.3909949596774193,0.4336324596774193,0.1367995967741936,0.038572983870967754,0.7212261802499916,0.9497699471931111,0.7666391507308381,0.9499722165124227
236,ThueMorse,1.8935584677419355,0.49994556451612904,85.0,0.050443548387096776,0.1800723790322582,0.3198731854838708,0.21355766129032253,0.28649677419354846,0.3266972774551714,0.385200878093309,0.6191857342834493,0.66950885524576
237,Tricky Cooperator,1.8900403225806452,0.8453941532258065,55.0,0.9516129032258065,0.432017943548387,0.4133762096774194,0.11034092741935486,0.044264919354838714,0.894665126055625,0.9497355686865749,0.4286504763669249,0.949963309500945
238,SolutionB1,1.888225806451613,0.9343703629032258,19.0,0.05129032258064516,0.5589572580645159,0.3754131048387098,0.0364586693548387,0.029170967741935484,0.9490134469385716,0.9477783807972504,0.7803739334645455,0.8068118525394493
239,Cooperator Hunter,1.8877620967741935,0.9401433467741935,24.0,0.9507661290322581,0.558935685483871,0.3812076612903226,0.03737318548387095,0.02248346774193548,0.9416648200773677,0.9498112154947908,0.782751038900301,0.951265682461499
240,AntiCycler,1.8794959677419356,0.8600175403225806,53.5,0.9508467741935483,0.4726604838709677,0.38735705645161295,0.08054677419354841,0.05943568548387098,0.8336637001899532,0.8544285161455981,0.8486142697504871,0.8963362788685522
241,EasyGo,1.864929435483871,0.9329314516129033,24.0,0.05,0.5437647177419358,0.38916673387096734,0.04186209677419356,0.025206451612903233,0.9472344317644512,0.9500311860846873,0.6760903565504828,0.950676602430868
242,Anti Tit For Tat,1.863366935483871,0.5891854838709677,86.0,0.9499193548387097,0.15965120967741936,0.4295342741935485,0.2429683467741935,0.16784616935483862,0.049764172075230456,0.9503133640990671,0.050231595226910265,0.9498737860127134
243,Negation,1.858921370967742,0.5885846774193548,86.0,0.5024193548387097,0.15878225806451618,0.4298024193548387,0.24211189516129036,0.16930342741935472,0.04961286625758928,0.9503277602903194,0.04965415998683348,0.9501817881657
244,Bully,1.8571673387096772,0.5866975806451613,86.0,0.05004032258064516,0.1574826612903227,0.4292149193548387,0.2428667338709677,0.1704356854838709,0.04994472235666453,0.9496790596941639,0.05000982323799706,0.9495897025724911
245,Hopeless,1.8571169354838712,0.7155020161290323,72.0,0.49798387096774194,0.25939314516129025,0.4561088709677421,0.198858870967742,0.08563911290322578,0.04978992000086308,0.9502711581364108,0.9502138432106624,0.95000136406975
246,Meta Minority: 217 players,1.8529435483870966,0.6545237903225807,78.0,0.04903225806451613,0.2066570564516129,0.44786673387096776,0.22224818548387099,0.12322802419354843,0.5199389329396104,0.9506249764428766,0.15280341708681333,0.9495072220918179
247,$\phi$,1.8436693548387098,0.7139635080645161,73.0,0.9525,0.26255947580645167,0.45140403225806447,0.19231008064516134,0.09372641129032261,0.5795316655814997,0.9377258530194271,0.3974691489833184,0.9417695557309361
248,"Gradual Killer: (D, D, D, D, D, C, C)",1.839243951612903,0.6005836693548388,82.0,0.04830645161290323,0.37352237903225805,0.22706129032258066,0.07981008064516133,0.3196062499999999,0.9062965517411361,0.7908222320119518,0.3534270915695417,0.2494938298125616
